class;multi
format###version###tunes
ymxs###1###1

class;tune
tune###title###composer###writer###rate###rows###repeat
1###Circus Attractions #2###Mad Max###ym-to-ymxs###50###4###0

class;source
tune###source###name###repeat###values

class;run
tune###register###gap###values
1###r0###0###163###142###251###89
1###r1###0###2###12###4###2
1###r2###0###238
1###r3###0###14
1###r4###0###238
1###r5###0###14
1###r6###0###12###28###12
1###r7###0###56###49
1###r7###1###56
1###r8###0###15###12###13###15
1###r9###0###0
1###r10###0###0
1###r11###0###0
1###r12###0###0

class;start
tune###row###timer###target###source###prescaler###count###timerReset###placeReset

class;retune
tune###row###timer###prescaler###count###timerReset###placeReset

class;stop
tune###row###timer
